{"cameraMode":{"drawMode":0,"name":"Shaded","section":"Shading Mode"},"sceneLighting":false,"audioPlay":false,"sceneViewState":{"showFog":true,"showMaterialUpdate":false,"showSkybox":true,"showFlares":true,"showImageEffects":true,"showParticleSystems":true},"in2DMode":false,"pivot":{"x":1.7259178161621094,"y":2.6417460441589357,"z":-15.762481689453125},"rotation":{"x":0.03025187738239765,"y":0.8701993227005005,"z":-0.05385530740022659,"w":0.4888131618499756},"size":29.400386810302736,"orthographic":false}